片名,总票房,导演,主演,上映时间,片长,制作国家,类型,评分(豆瓣电影)
速度与激情7,"24260000000
"
捉妖记,"24210000000
"
寻龙诀,"16790000000
"
港囧,"16200000000
"
复仇者联盟2：奥创纪元,"14500000000
"
夏洛特烦恼,"14390000000
"
侏罗纪世界,"14090000000
"
煎饼侠,"11510000000
"
澳门风云2,"9720000000
"
西游记之大圣归来,"9560000000
"
老炮儿,"9020000000
"
碟中谍5：神秘国度,"8680000000
"
唐人街探案,"8109999999
"
霍比特人3：去而复归,"7650000000
"
天将雄师,"7430000000
"
终结者：创世纪,"7240000000
"
狼图腾,"7000000000
"
鬼吹灯之九层妖塔,"6800000000
"
蚁人,"6700000000
"
恶棍天使,"6490000000
"
末日崩塌,"6290000000
"
火星救援,"5860000000
"
杀破狼2,"5600000000
"
战狼,"5400000000
"
007：幽灵党,"5400000000
"
哆啦A梦：伴我同行,"5290000000
"
超能陆战队,"5260000000
"
滚蛋吧！肿瘤君,"5070000000
"
小时代4：灵魂尽头,"4870000000
"
左耳,"4840000000
"
王牌特工：特工学院,"4840000000
"
灰姑娘,"4440000000
"
小黄人大眼萌,"4350000000
"
奔跑吧，兄弟,"4330000000
"
百团大战,"4099999999
"
钟馗伏魔：雪妖魔灵,"4050000000
"
道士下山,"3990000000
"
栀子花开2015,"3780000000
"
重返20岁,"3640000000
"
我的少女时代,"3600000000
"
何以笙箫默,"3520000000
"
博物馆奇妙夜3,"3230000000
"
横冲直撞好莱坞,"3220000000
"
万万没想到：西游篇,"3210000000
"
烈日灼心,"3030000000
"
熊出没之雪岭熊风,"2950000000
"
咱们结婚吧,"2840000000
"
木星上行,"2830000000
"
有一个地方只有我们知道,"2800000000
"
前任攻略2：备胎反击战,"2510000000
"
极盗者,"2470000000
"
饥饿游戏3：嘲笑鸟（上）,"2230000000
"
爸爸去哪儿2,"2210000000
"
失孤,"2150000000
"
我是证人,"2130000000
"
赤道,"2100000000
"
飓风营救3,"2029999999
"
移动迷宫：烧痕审判,"1960000000
"
解救吾先生,"1950000000
"
新娘大作战,"1730000000
"
第七子：降魔之战,"1720000000
"
疯狂外星人,"1700000000
"
怦然星动,"1590000000
"
小王子,"1580000000
"
冲上云霄,"1550000000
"
谜城,"1490000000
"
万物生长,"1480000000
"
破风,"1450000000
"
饥饿游戏3：嘲笑鸟（下）,"1420000000
"
王朝的女人：杨贵妃,"1340000000
"
玩命速递：重启之战,"1280000000
"
十万个冷笑话,"1190000000
"
精灵旅社2,"1190000000
"
明日世界,"1180000000
"
我的个神啊,"1180000000
"
爸爸的假期,"1120000000
"
不可思异,"1110000000
"
分歧者2：绝地反击,"1100000000
"
超能查派,"1030000000
"
绝命海拔,"1020000000
"
像素大战,"1010000000
"
帕丁顿熊,"98689200
"
头脑特工队,"97080000
"
一念天堂,"82740000
"
名侦探柯南：业火的向日葵,"81590000
"
消失的凶手,"77040000
"
洛克王国4：出发！巨人谷,"76700000
"
第三种爱情,"73160000
"
黑猫警长之翡翠之星,"71690700
"
一路惊喜,"69340000
"
有种你爱我,"68130000
"
喜羊羊与灰太狼之羊年喜羊羊,"67640000
"
命中注定,"67422800
"
桂宝之爆笑闯宇宙,"64174000
"
一代宗师(3D版),"63530000
"
我是路人甲,"63110000
"
陪安东尼度过漫长岁月,"62580000
"
剩者为王,"61400000
"
刺客聂隐娘,"61370000
"
赛尔号大电影5：雷神崛起,"56540000
"
海绵宝宝3D,"56470000
"
从天“儿”降,"56300000
"
师父,"54384000
"
小羊肖恩,"53650000
"
恋爱中的城市,"53590000
"
模仿游戏,"52460000
"
太平轮(下),"51000000
"
少年班,"50570000
"
既然青春留不住,"50130000
"
杜拉拉追婚记,"49620000
"
华丽上班族,"47200000
"
屠魔战士,"46970000
"
坏蛋必须死,"46930000
"
暗杀,"46930000
"
圣诞大赢家,"45945500
"
潜艇总动员5：时光宝盒,"45920000
"
魔法总动员,"45690000
"
猪猪侠之终极决战,"45300000
"
暴疯语,"44770000
"
宅女侦探桂香,"41240000
"
十月初五的月光,"40730000
"
将错就错,"39310000
"
巴啦啦小魔仙之魔箭公主,"38110000
"
神探驾到,"37330000
"
坚不可摧,"36780000
"
史努比：花生大电影,"36660000
"
新步步惊心,"32150000
"
土豪520,"30110000
"
山河故人,"30100000
"
北京时间,"29960000
"
兔侠之青黎传说,"28524000
"
小飞侠：幻梦启航,"28490000
"
一万年以后,"27710000
"
一切都好,"26080000
"
封门诡影,"25710000
"
功夫3D,"25432000
"
暴走神探,"24500000
"
破坏者,"24472399
"
我的男友和狗,"24150000
"
三只小猪与神灯,"23800000
"
贵族大盗,"22760000
"
可爱的你,"21730000
"
闯堂兔2疯狂马戏团,"20980000
"
张震讲故事之鬼迷心窍,"20900000
"
冲锋车,"20830000
"
龙在哪里,"20750000
"
谍·莲花,"20500000
"
再次出发,"20270000
"
极速风流,"20010000
"
重生爱人,"19850000
"
一个勺子,"19020000
"
北京，纽约,"18892000
"
巴黎假期,"17880000
"
爱情麻辣烫之情定终身,"17290000
"
美人鱼公主之海盗来袭,"17290000
"
旋风九日,"16830000
"
通灵之六世古宅,"16510000
"
魔镜奇缘,"15886700
"
阿里巴巴：大盗奇兵,"15730000
"
我是女王,"15520000
"
亚马逊萌猴奇遇记,"15470000
"
吉星高照2015,"15230000
"
十二公民,"13940800
"
念念,"13890000
"
咕噜咕噜美人鱼,"13815800
"
年少轻狂,"12740000
"
分手再说我爱你,"12720000
"
我的青春期,"12300000
"
前目的地,"12300000
"
七月半,"12260000
"
三城记,"12220000
"
战火中的芭蕾,"12020000
"
甜蜜蜜,"11940000
"
别有动机,"11860000
"
白雪公主之神秘爸爸,"11116700
"
摩尔庄园3大电影：魔幻列车大冒险,"10550000
"
喜马拉雅天梯,"10500000
"
笔仙魔咒,"10450000
"
龙骑侠,"10400000
"
魔镜,"10350000
"
情敌蜜月,"10290000
"
心迷宫,"10270000
"
闯入者,"10050000
"
幸存者,"9450000
"
黑瞳,"9320000
"
钢刀,"9264000
"
爱我就陪我看电影,"9053000
"
亡命地中海,"8750000
"
惊魂电影院,"8680000
"
开罗宣言,"8650000
"
夺命旅行,"8510000
"
半夜叫你别回头,"8500000
"
奥拉星·进击圣殿,"8410000
"
午夜43路,"8390000
"
长江7号：超萌特攻队,"8280000
"
男神时代,"8220000
"
诱狼,"8220000
"
三更车库,"7871900
"
浪漫天降,"7830000
"
大喜临门,"7742000
"
怪谈,"7540000
"
这里的黎明静悄悄,"7300000
"
蜡笔总动员,"6570000
"
猛龙特囧,"6320000
"
汽车人总动员,"5830000
"
一路向前,"5700000
"
扑通扑通我的人生,"5575000
"
我是谁2015,"5500000
"
金箍棒传奇2：沙僧的逆袭,"5490000
"
擦枪走火,"5432000
"
再见我们的十年,"5340000
"
星语心愿之再爱,"5210000
"
异种,"5070000
"
宝贝，对不起,"4954000
"
藏羚王之雪域精灵,"4750000
"
罪恶赎金,"4700000
"
小猪班纳之梦想大帽险,"4480000
"
恐怖游泳馆,"4230000
"
人皮拼图,"4050000
"
枕边诡影	,"4050000
"
天眼传奇,"4040000
"
冰雪女王,"4010000
"
灵臆事件,"3980000
"
极地大反攻,"3960000
"
荒村怨灵,"3930000
"
十七岁,"3930000
"
使命召唤,"3880000
"
诡影迷情,"3400000
"
红髅,"3390000
"
探灵档案,"3330000
"
安妮：纽约奇缘,"3310000
"
爱之初体验,"3190000
"
我爸比我小四岁,"3180000
"
双生灵,"3090000
"
轩辕剑传奇,"3090000
"
无敌小飞猪,"3074000
"
我只要我们在一起,"3048000
"
狂野飞车,"2952000
"
诡娃娃,"2860000
"
魔卡行动,"2800000
"
对风说爱你,"2770000
"
兔子镇的火狐狸,"2640000
"
诡劫,"2570000
"
索命暹罗之按摩师,"2480000
"
雨夜惊魂,"2460000
"
死亡之谜之双鱼玉佩,"2443000
"
听说,"2430000
"
西游新传2：真心话大冒险,"2420000
"
墓穴迷城,"2400000
"
深海挑战,"2397000
"
新年行动,"2322000
"
亲，别怕鬼宅凶灵,"2250000
"
没女神探,"2000000
"
第七谎言,"1963000
"
菜鸟,"1912000
"
搏击迷城,"1850000
"
摇滚英雄,"1800000
"
热血男人帮,"1750000
"
1980年代的爱情,"1720000
"
回到被爱的每一天,"1630000
"
为了这片土地,"1630000
"
悬战,"1610000
"
超能兔战队,"1580000
"
最美的时候遇见你,"1560000
"
陌路惊笑,"1560000
"
王子与108煞,"1510000
"
枪过境,"1350000
"
诡打墙,"1340000
"
拳霸风云,"1330000
"
落跑吧，爱情,"1302000
"
十万伙急,"1270000
"
迷与狂,"1250000
"
黄金福将,"1240000
"
藏羚王,"1180000
"
东北偏北,"920000
"
恋爱排班表,"830000
"
全能囧爸,"820400
"
我是大熊猫之熊猫大侠,"820000
"
斗地主,"807000
"
全力扣杀,"760000
"
我要你开花,"760000
"
家在水草丰茂的地方,"750000
"
危机行动,"744000
"
少年毛泽东,"740000
"
味道中国,"740000
"
等爱归来,"700000
"
约定倒计时,"670000
"
新年来啦之大闹除夕,"670000
"
奇缘灰姑娘,"670000
"
我的狐朋狗友,"660000
"
默守那份情,"650000
"
老五的奥斯卡,"650000
"
爱情攻略,"643000
"
天亮·分手,"570000
"
少女哪吒,"520000
"
摇滚水果,"510000
"
犹太女孩在上海2：项链密码,"510000
"
我是奋青,"500000
"
顺风车,"500000
"
紫霞,"460000
"
零点杀机,"460000
"
母亲的梦想,"450000
"
时光大战,"443000
"
梦幻佳期,"440000
"
逆转胜,"404000
"
天降,"390000
"
女神跟我走,"370000
"
妈妈让我再爱你一次,"360700
"
我的处女地,"360000
"
非你勿扰,"340000
"
美丽笨女人,"331000
"
电商时代,"320000
"
穷途,"320000
"
青涩日记,"306000
"
启功,"304000
"
囧贼,"270000
"
哺乳期的女人,"270000
"
奔驰的大葱,"256000
"
探秘者,"240000
"
守梦者,"240000
"
红包,"230000
"
遭遇海明威,"220000
"
简单爱,"217000
"
情剑,"210000
"
时间都去哪了,"210000
"
家有虎妻,"204000
"
纯真年代,"200400
"
男人制造,"187000
"
海岛之恋,"185000
"
幸福很囧,"180200
"
激战黎明,"180000
"
爱情魔发师,"180000
"
分手不分手,"170000
"
一刻十年,"165000
"
痞子·洛克,"160000
"
因为谷桂花,"160000
"
龙凤呈祥,"160000
"
桔子的天空,"153000
"
正果,"150000
"
妈咪侠,"140000
"
无法证明,"130000
"
角逐,"120000
"
东莞女孩,"96000
"
小西天狄道传奇,"86000
"
璀璨的婚礼,"83200
"
大变局之梦回甲午,"77000
"
热情奏鸣曲,"75000
"
点对点,"72000
"
鹰笛雪莲,"70000
"
天边的孩子,"70000
"
公路美人,"65000
"
男二本色,"55000
"
君子道：上海滩后传,"40000
"
火云端,"36000
"
心跳戈壁,"33000
"
不能错过,"30000
"
天各一方,"14400
"
天生有福,"12000
"
受降前夕,"10000
"
钢铁，是这样炼成的,"10000
"
莫日根,"8500
"
少年杨靖宇,"7400
"
叶问.,"0
"
致命对决,"0
"
钢铁，是这样炼成的,"10000
"
莫日根,"8500
"
少年杨靖宇,"7400
"
叶问.,"0
"
致命对决,"0
"
美人鱼,"33900000000
"
疯狂动物城,"15300000000
"
魔兽,"14720000000
"
美国队长3：英雄内战,"12460000000
"
西游记之孙悟空三打白骨精,"12000000000
"
长城,"11730000000
"
湄公河行动,"11730000000
"
澳门风云3,"11160000000
"
盗墓笔记,"10010000000
"
功夫熊猫3,"10000000000
"
奇幻森林,"9800000000
"
绝地逃亡,"8890000000
"
星球大战：原力觉醒,"8250000000
"
从你的全世界路过,"8119999999
"
叶问3,"8020000000
"
X战警：天启,"8020000000
"
北京遇上西雅图之不二情书,"7860000000
"
奇异博士,"7510000000
"
铁道飞虎,"6920000000
"
寒战2,"6780000000
"
惊天魔盗团2,"6380000000
"
蝙蝠侠大战超人：正义黎明,"6190000000
"
使徒行者,"6050000000
"
神奇动物在哪里,"5910000000
"
你的名字。,"5760000000
"
大鱼海棠,"5650000000
"
愤怒的小鸟,"5080000000
"
独立日：卷土重来,"5030000000
"
酒国英雄之摆渡人,"4830000000
"
我不是潘金莲,"4790000000
"
冰川时代：星际碰撞,"4470000000
"
谍影重重5,"4470000000
"
星际迷航3：超越星辰,"4390000000
"
血战钢锯岭,"4260000000
"
忍者神龟2,"3930000000
"
爱宠大机密,"3880000000
"
爱丽丝梦游仙境2：镜中奇遇记,"3870000000
"
爵迹,"3810000000
"
荒野猎人,"3770000000
"
火锅英雄,"3700000000
"
大话西游3,"3610000000
"
伦敦陷落,"3400000000
"
机械师2：复活,"3390000000
"
致青春：原来你还在这里,"3350000000
"
我的特工爷爷,"3240000000
"
泰山归来：险战丛林,"3050000000
"
熊出没之熊心归来,"2870000000
"
封神传奇,"2830000000
"
微微一笑很倾城,"2750000000
"
王牌逗王牌,"2600000000
"
卧虎藏龙2：青冥宝剑,"2550000000
"
海底总动员2：多莉去哪儿,"2540000000
"
神战：权力之眼,"2350000000
"
海洋奇缘,"2250000000
"
赏金猎人,"2130000000
"
反贪风暴2,"2089999999
"
陆垚知马俐,"1920000000
"
谁的青春不迷茫,"1800000000
"
最后的巫师猎人,"1790000000
"
驴得水,"1720000000
"
七月与安生,"1670000000
"
危城,"1670000000
"
比利·林恩的中场战事,"1640000000
"
神探夏洛克,"1610000000
"
夏有乔木 雅望天堂,"1510000000
"
圆梦巨人,"1430000000
"
追凶者也,"1360000000
"
但丁密码,"1340000000
"
28岁未成年,"1290000000
"
高跟鞋先生,"1290000000
"
睡在我上铺的兄弟,"1260000000
"
极限挑战,"1250000000
"
罗曼蒂克消亡史,"1220000000
"
分歧者3：忠诚世界,"1220000000
"
佩小姐的奇幻城堡,"1180000000
"
惊天破,"1130000000
"
九条命,"1110000000
"
航海王之黄金城,"1070000000
"
猎神：冬日之战,"1060000000
"
东北往事之破马张飞,"1040000000
"
哆啦A梦：新·大雄的日本诞生,"1030000000
"
超脑48小时,"1030000000
"
博人-火影忍者剧场版,"1030000000
"
鲨滩,"1010000000
"
三人行,"1000000000
"
三少爷的剑,"96920000
"
云中行走,"90630000
"
新大头儿子小头爸爸2一日成才,"88780000
"
魔宫魅影,"88390000
"
百鸟朝凤,"86780000
"
所以……和黑粉结婚了,"81020000
"
梦想合伙人,"80960000
"
小门神,"78600000
"
惊天大逆转,"78340000
"
逗鸟外传：萌宝满天飞,"77650000
"
深海浩劫,"72360000
"
捉迷藏,"71270000
"
我们诞生在中国,"66019700
"
神秘世界历险记3,"64950000
"
消失爱人,"63750300
"
女汉子真爱公式,"63320000
"
鼠来宝4：萌在囧途,"62560000
"
超级快递,"61520000
"
萨利机长,"61000000
"
侠探杰克：永不回头,"60900000
"
外公芳龄38,"60320000
"
他是龙,"59930000
"
魔发精灵,"54540000
"
过年好,"54000000
"
鲁滨逊漂流记,"53600000
"
快手枪手快枪手,"53462900
"
寄生兽真人版,"48270000
"
奔爱,"47460000
"
我们的十年,"44000000
"
冰河追凶,"43170000
"
真相禁区,"41980000
"
摇滚藏獒,"39550000
"
圣斗士星矢：圣域传说,"37760000
"
垫底辣妹,"37520000
"
我最好朋友的婚礼,"37300000
"
那件疯狂的小事叫爱情,"36550000
"
天亮之前,"36100000
"
我的战争,"36084000
"
冲天火,"36070000
"
幻体：续命游戏,"35610000
"
末日迷踪,"35300000
"
通灵神探,"35270000
"
蒸发太平洋,"35020000
"
年兽大作战,"34400000
"
冰雪皇后2,"33810000
"
冰雪女皇之冬日魔咒,"33810000
"
那年夏天你去了哪里,"33600000
"
夜孔雀,"33100000
"
大唐玄奘,"32840000
"
名侦探柯南：纯黑的恶梦,"30960000
"
火海凌云,"30300000
"
刑警兄弟,"30200000
"
间谍同盟,"29980000
"
谍影特工,"29500000
"
恶人报喜,"27250000
"
樱桃小丸子：来自意大利的少年,"25870000
"
精灵王座,"24950000
"
地心营救,"23440000
"
疯狂丑小鸭,"22994600
"
勇士之门,"22730000
"
整形师.脸,"22593700
"
蜡笔小新：梦境世界大突击,"22350000
"
阿里巴巴所罗门封印,"21208400
"
暗杀游戏,"20980000
"
太空熊猫英雄归来,"20805600
"
一句顶一万句,"20610000
"
废柴特工,"19820000
"
超能太阳鸭,"19794400
"
妄想症,"19192100
"
麦兜·饭宝奇兵,"18940000
"
铠甲勇士捕王,"18570000
"
谎言西西里,"17950000
"
托马斯和朋友们：多多岛之迷失,"17920000
"
宾虚,"17370000
"
灵偶契约,"16860000
"
阿拉丁与神灯,"16840000
"
冒牌卧底,"16720000
"
笨贼别跑,"16275700
"
少年,"15740000
"
极速之巅,"15440000
"
海洋之歌,"15300000
"
宝贝当家,"15100000
"
巴黎危机,"14360000
"
缘份,"13850000
"
惊天绑架团,"13440000
"
谋杀似水年华,"13400000
"
碟仙诡谭2,"12730000
"
请把你的窗户打开,"12430500
"
诺亚方舟漂流记,"12320000
"
我叫MT之山口山战记,"12130000
"
邻家大贱谍,"11880000
"
青蛙总动员,"11610700
"
再见，在也不见,"11470000
"
小明和他的小伙伴们,"11170000
"
发条城市,"11020000
"
在世界中心呼唤爱,"11000000
"
龙珠Z：复活的弗利萨,"10920000
"
筷仙,"10730000
"
我是哪吒,"10081800
"
纽约纽约,"9500000
"
大火种,"9350000
"
床下有人3,"9260000
"
国酒,"9100000
"
洛杉矶捣蛋计划,"8950000
"
泰国妖医,"8710000
"
情况不妙,"8520000
"
果宝特攻之水果大逃亡,"8210000
"
刺猬小子之天生我刺,"8080000
"
魔法老师,"7980000
"
泡沫之夏,"7950000
"
致我们终将到来的爱情,"7950000
"
魔轮,"7830000
"
铁拳,"7680000
"
萤火奇兵,"7640000
"
黑处有什么,"7610000
"
蜜月酒店杀人事件,"7560000
"
泰迪熊之玩具大战,"7374800
"
马小乐之玩具也疯狂,"7330000
"
笔仙诡影,"7320000
"
育婴室,"7250000
"
巴霍巴利王(上),"7220000
"
神兽金刚之青龙再现,"7210000
"
非常父子档,"7031400
"
七月半2：前世今生,"6880000
"
飞鹰艾迪,"6580000
"
红色警戒999,"6550000
"
六弄咖啡馆,"6270000
"
路边野餐,"6200000
"
斗龙战士之星印罗盘,"6140000
"
我在故宫修文物,"6130000
"
绝对控制,"6040000
"
恐怖将映,"5970000
"
惊魂绣花鞋,"5920000
"
猫脸老太太,"5830000
"
最萌身高差,"5510000
"
死亡游戏,"5450000
"
诡娃,"5200000
"
白毛女,"5160000
"
当流星划过天际,"5140000
"
恶灵之门,"5140000
"
笔仙撞碟仙,"5070000
"
超级保镖,"4970000
"
哪一天我们会飞,"4810000
"
幽灵医院,"4800000
"
糖果世界大冒险,"4760000
"
地球四季,"4740000
"
终极硬汉,"4660000
"
我是处女座,"4590000
"
贫穷富爸爸,"4490000
"
恐怖理发店,"4480000
"
张震讲故事之合租屋,"4400000
"
聊斋新编之画皮新娘,"4350000
"
丑小鸭历险记,"4300000
"
掠夺者,"4250000
"
青蛙王国之冰冻大冒险,"4250000
"
魔都凶音,"4080000
"
呆呆计划,"4040000
"
诡新娘,"3880000
"
不速之客,"3870000
"
恐怖禁忌之红旗袍,"3860000
"
水果宝贝之水果总动员,"3820000
"
死亡笔记,"3640000
"
龙拳小子,"3580000
"
记忆碎片,"3540000
"
古曼,"3470000
"
荒村凶间,"3250000
"
箭士柳白猿,"3240000
"
老阿姨,"3220000
"
食人岛,"3190000
"
少年巴比伦,"3090000
"
诡梦凶铃,"3030000
"
我们毕业啦,"2850000
"
长江图,"2770000
"
恭喜发财之谈钱说爱,"2760000
"
我不是王毛,"2630000
"
反黑行动组,"2530000
"
辛巴达与美人鱼公主,"2459900
"
234说爱你,"2440000
"
功夫四侠,"2430000
"
夺路而逃,"2430000
"
花样厨神,"2380000
"
新木偶奇遇记,"2367600
"
催命符,"2320000
"
一家老小向前冲,"2320000
"
半熟少女,"2290000
"
失眠男女,"2200000
"
北极大冒险,"2160000
"
夜半哭声,"2160000
"
枕边有张脸2,"2110000
"
夏威夷之恋,"2090000
"
凶手还未睡,"2070000
"
黑海夺金,"2030000
"
恐怖笔记,"2020000
"
怨灵地下室,"2000000
"
近在咫尺的爱恋,"1950000
"
江南灵异录之白云桥,"1920000
"
舌尖上的新年,"1910000
"
钢铁骑士,"1870000
"
凄灵室,"1770000
"
遵义会议,"1770000
"
夺命枪火,"1750000
"
辣警霸王花,"1740000
"
白雪公主和三只小猪,"1710000
"
喜乐长安,"1600000
"
生门,"1508300
"
你好，疯子！,"1490000
"
五女闹京城,"1450000
"
古曼怨灵,"1440000
"
动植物大战,"1440000
"
轩辕大帝,"1430000
"
脑残粉,"1400000
"
我老婆是明星,"1380000
"
怨相,"1330000
"
我的老婆是明星,"1280000
"
少年师爷之大禹宝藏,"1270000
"
超级幼儿园,"1210000
"
同城邂逅,"1180000
"
诡眼,"1140000
"
南口1937,"1140000
"
恐怖照相机,"1130000
"
古田会议,"1120000
"
致命怪谈,"1120000
"
判我有罪,"1100000
"
小蚂蚁之环球大冒险,"1080000
"
爱在深秋,"1030000
"
午夜寻访录,"1020000
"
隔壁惊魂,"1010000
"
恋爱教父之三个坏家伙,"1000000
"
塔洛,"920000
"
爸爸的3次婚礼,"880000
"
猿创世界之熊孩子部落,"850000
"
谎言大爆炸,"810000
"
笑林足球,"800000
"
党的女儿尹灵芝,"740000
"
幸运是我,"690000
"
终极胜利,"680000
"
不朽的时光,"680000
"
喊·山,"660000
"
恐怖爱情故事之死亡公路,"660000
"
皇帝的新装之圣诞大明星,"660000
"
击战,"650000
"
一条叫王子的狗,"620000
"
盛先生的花儿,"570000
"
国家利益,"560000
"
爱在星空下,"550000
"
催命符之劫后重生,"540000
"
海洋之恋,"530000
"
寻找心中的你,"530000
"
云镝：丝路英雄,"520000
"
我的圣途,"510000
"
奇葩追梦,"470000
"
小魔仙之黑魔法来袭,"470000
"
回乡逗儿,"440000
"
爱神箭,"430000
"
708090之深圳恋歌,"410000
"
异性合租的往事,"380000
"
别开门,"380000
"
爱上试睡师,"360000
"
失心者,"350000
"
绝战,"350000
"
热血雷锋侠之激情营救,"340000
"
逗逗迪迪之美梦年年,"330000
"
不离不弃,"320000
"
男神抱抱,"310000
"
当我们年轻的时候,"300000
"
减法人生,"290000
"
狼兵吼,"290000
"
狱中惊魂,"280000
"
为爱放手,"270000
"
再生之乐,"250000
"
越囧,"240000
"
购物女王,"240000
"
练胆儿,"230000
"
冬,"220000
"
新东方神娃,"200000
"
吉祥宝宝之我是食神,"200000
"
女神时代,"200000
"
山那边有匹马,"180000
"
灯塔下的恋人,"170000
"
爸爸我来救你了之吉大嘿梦,"170000
"
有迹可循,"160000
"
夜魔人,"160000
"
咸鱼传奇,"150000
"
我的1000万,"150000
"
人鱼校花,"140000
"
沙漠之心,"140000
"
杠上开花,"140000
"
那年我对你的承诺,"140000
"
提款机,"140000
"
毒中毒,"130000
"
小熊的夏天,"120000
"
凤凰谷,"120000
"
老警,"110000
"
爱的“蟹”逅,"100000
"
山花烂漫时,"95000
"
爱上处女座,"83000
"
假装看不见之电影大师,"70000
"
我的朋友圈,"60000
"
一夜危机,"60000
"
小小校长,"60000
"
脱单宝典,"50000
"
冰美人,"50000
"
T台魔王,"47000
"
布基兰,"42000
"
心灵解码,"40000
"
水滴之梦,"40000
"
非同小可,"40000
"
不是钱的事,"40000
"
老腔,"36000
"
三个孬家伙,"35000
"
自我救赎,"30000
"
夺命推理,"30000
"
小角色,"30000
"
牡丹仙子之皇帝诏曰,"25000
"
爱情不等式,"25000
"
最后证言,"22000
"
那美,"20000
"
东宫皇子,"20000
"
生死96小时,"20000
"
看见我和你,"20000
"
一棵心中的许愿树,"20000
"
岛囧,"20000
"
断片儿,"10000
"
最后证言,"22000
"
那美,"20000
"
东宫皇子,"20000
"
生死96小时,"20000
"
看见我和你,"20000
"
一棵心中的许愿树,"20000
"
岛囧,"20000
"
断片儿,"10000
"
战狼2,"56390000000
"
速度与激情8,"26490000000
"
羞羞的铁拳,"21900000000
"
前任3：再见前任,"19260000000
"
功夫瑜伽,"17530000000
"
西游伏妖篇,"16489999999
"
变形金刚5：最后的骑士,"15450000000
"
芳华,"14110000000
"
摔跤吧！爸爸,"12960000000
"
寻梦环游记,"12020000000
"
加勒比海盗5：死无对证,"11800000000
"
金刚：骷髅岛,"11610000000
"
极限特工：终极回归,"11280000000
"
生化危机6：终章,"11120000000
"
乘风破浪,"10380000000
"
神偷奶爸3,"10300000000
"
智取威虎山,"8740000000
"
蜘蛛侠：英雄归来,"7670000000
"
大闹天竺,"7550000000
"
雷神3：诸神黄昏,"7360000000
"
猩球崛起：终极之战,"7330000000
"
金刚狼3：殊死一战,"7320000000
"
悟空传,"6880000000
"
银河护卫队2,"6860000000
"
正义联盟,"6850000000
"
情圣,"6580000000
"
新木乃伊,"6230000000
"
神奇女侠,"6100000000
"
一条狗的使命,"6080000000
"
追龙,"5700000000
"
英伦对决,"5340000000
"
三生三世十里桃花,"5310000000
"
妖猫传,"5260000000
"
熊出没之奇幻空间,"5210000000
"
杀破狼·贪狼,"5180000000
"
星球大战：侠盗一号,"4760000000
"
王牌特工2：黄金圈,"4690000000
"
缝纫机乐队,"4530000000
"
全球风暴,"4300000000
"
星际特工：千星之城,"4059999999
"
嫌疑人X的献身,"4019999999
"
建军大业,"3990000000
"
拆弹专家,"3970000000
"
妖铃铃,"3590000000
"
敦刻尔克大撤退,"3360000000
"
空天猎,"3150000000
"
太空旅客,"3140000000
"
异形：契约,"3100000000
"
机器之血,"3020000000
"
心理罪,"3020000000
"
奇门遁甲,"2970000000
"
记忆大师,"2920000000
"
二代妖精之今生有幸,"2890000000
"
天才枪手,"2680000000
"
绣春刀：修罗战场,"2630000000
"
爱乐之城,"2620000000
"
侠盗联盟,"2350000000
"
东方快车谋杀案,"2280000000
"
心理罪之城市之光,"2210000000
"
解忧杂货店,"2200000000
"
京城81号2,"2160000000
"
欢乐好声音,"2160000000
"
喜欢你,"2100000000
"
帕丁顿熊2,"2040000000
"
攻壳机动队,"2029999999
"
逆时营救,"2009999999
"
春娇救志明,"1750000000
"
蓝精灵：寻找神秘村,"1730000000
"
看不见的客人,"1710000000
"
二十二,"1680000000
"
刺客信条,"1600000000
"
非凡任务,"1560000000
"
哆啦A梦：大雄的南极冰寒大冒险,"1480000000
"
王牌保镖,"1390000000
"
赛车总动员3：极速挑战,"1360000000
"
异星觉醒,"1340000000
"
十万个冷笑话2,"1330000000
"
大卫贝肯之倒霉特工熊,"1260000000
"
父子雄兵,"1240000000
"
傲娇与偏见,"1240000000
"
锋味江湖之决战食神,"1220000000
"
鲛珠传,"1130000000
"
降临,"1090000000
"
极盗车神,"1080000000
"
赛尔号大电影6：圣者无敌,"1080000000
"
十八洞村,"1060000000
"
追捕,"1040000000
"
七十七天,"1020000000
"
绝世高手,"1010000000
"
冈仁波齐,"99154599
"
遊戏规则,"97520000
"
绑架者,"95410000
"
降魔传,"90851000
"
大护法,"86870900
"
银魂,"80671000
"
密战,"78771800
"
烟花,"77915400
"
我不做大哥好多年,"76500000
"
银翼杀手2049,"76319800
"
原谅他77次,"74850000
"
血战湘江,"73215500
"
反转人生,"69350000
"
至爱梵高 星空之谜,"68110300
"
狂兽,"67152900
"
欢乐喜剧人,"66910000
"
荡寇风云,"64560000
"
闪光少女,"64223600
"
疯岳撬佳人,"63790000
"
明月几时有,"62898900
"
合约男女,"59400000
"
亚瑟王：斗兽争霸,"56820000
"
我的爸爸是森林之王,"55668000
"
巨额来电,"55312800
"
这就是命,"53812400
"
刀剑神域：序列之争,"53384300
"
昆塔：反转星球,"49753900
"
引爆者,"49735100
"
地球：神奇的一天,"47349000
"
常在你左右,"46349300
"
猪猪侠之英雄猪少年,"44900000
"
喵星人,"44105800
"
声之形,"44086899
"
魔弦传说,"43450000
"
冰雪大作战 （中）,"43170000
"
冰雪大作战,"43170000
"
大耳朵图图之美食狂想曲,"42958700
"
乐高蝙蝠侠大电影,"42120000
"
大闹天宫,"41755000
"
李雷和韩梅梅,"40500000
"
钢铁飞龙之再见奥特曼,"40323100
"
毒。诫,"38830000
"
了不起的菲丽西,"38760000
"
鲨海,"38363300
"
有完没完,"37300000
"
至暗时刻,"36964200
"
重返·狼群,"32760000
"
黑白迷宫,"32715600
"
英雄本色,"32263600
"
玩偶奇兵,"31409899
"
麻烦家族,"31300000
"
青禾男高,"30210000
"
阿唐奇遇,"30080600
"
烽火芳菲,"29239100
"
超凡战队,"29000000
"
最终幻想15：王者之剑,"28730000
"
吃吃的爱,"27230000
"
暴雪将至,"26876400
"
三只小猪2,"26662100
"
二次初恋,"25943700
"
忠爱无言,"25440000
"
精灵宝可梦：波尔凯尼恩与机巧的玛机雅娜,"25327500
"
完美有多美,"24686400
"
血狼犬,"24590000
"
天生不对,"24053400
"
嘉年华,"21996300
"
托马斯大电影之了不起的比赛,"21191600
"
恐袭波士顿,"20816500
"
世纪战元,"20120000
"
阿飞正传,"19566200
"
相爱相亲,"18064800
"
相声大电影之我要幸福,"17747300
"
极致追击,"17357300
"
美好的意外,"17240000
"
守信少年,"17093400
"
天空之眼,"17060000
"
雄狮,"16930000
"
健忘村,"15950000
"
抢红,"15880000
"
豆福传,"15722000
"
我的爸爸是国王,"15583100
"
三只小猪与功夫潘达,"15500000
"
缉枪,"15250000
"
神秘家族,"14880000
"
天才捕手,"14650000
"
当怪物来敲门,"14350000
"
维京：王者之战,"13985500
"
深夜食堂2,"13674900
"
与君相恋100次,"13430000
"
上海王,"13410000
"
情遇曼哈顿,"13351400
"
提着心吊着胆,"13170000
"
临时演员,"12720000
"
小猫巴克里,"12043500
"
兄弟，别闹！,"11985000
"
玩命直播,"11900000
"
六年，六天,"11435300
"
灵狼传奇,"11390000
"
你若安好,"11255200
"
怨灵2,"11208000
"
中国推销员,"11036400
"
咕噜咕噜美人鱼2,"10510400
"
捍卫者,"10201800
"
美容针,"10100600
"
推理笔记,"10097600
"
仙球大战,"9770000
"
回到火星,"9425900
"
夏天十九岁的肖像,"9250000
"
一念无明,"9240000
"
绿野仙踪之奥兹国奇幻之旅,"8966400
"
勇往直前,"8940000
"
我是马布里,"8802200
"
那一场呼啸而过的青春,"8620300
"
时间去哪儿了,"8284700
"
海边的曼彻斯特,"8045599
"
异兽来袭,"7930000
"
秘果,"7880000
"
不成问题的问题,"7644700
"
会痛的十七岁,"7548400
"
不期而遇,"7093000
"
玛格丽特的春天,"7000000
"
一路绽放,"6960000
"
迷失Z城,"6880000
"
失业生,"6009000
"
笔仙咒怨,"5716600
"
和田玉传奇,"5485000
"
假如王子睡着了,"5412300
"
单身日记：好孕来袭,"4970000
"
疯狂特警队,"4887100
"
圣诞奇妙公司,"4832200
"
借眼,"4690000
"
通灵姐妹,"4560000
"
胡杨的夏天,"4551700
"
怪物岛,"4548800
"
指甲刀人魔,"4460000
"
S的秘密,"4380000
"
窦娥奇冤,"4290000
"
垫底联盟,"4272800
"
八月,"4100000
"
刺杀盖世太保,"3873900
"
惊天解密,"3836200
"
诡域新娘,"3686400
"
夜色撩人,"3600000
"
青春逗,"3588800
"
深宫怨灵,"3555400
"
夺金四贱客,"3442300
"
一万公里的约定,"3330000
"
蝴蝶公墓,"3281500
"
大象林旺之一炮成名,"3260700
"
20:16,"3230000
"
双面劫匪,"3229900
"
点五步,"3210000
"
皮绳上的魂,"3154500
"
碟仙之毕业照,"3050000
"
碟仙前传,"3050000
"
超能龙骑侠,"2990000
"
我的诗篇,"2980000
"
一路逆风,"2940000
"
小情书,"2850000
"
七月半3：灵触第七感,"2791300
"
恐怖电影院2,"2596800
"
怨灵宿舍之白纸女生,"2580000
"
银河守卫队,"2470000
"
恐怖毕业照2,"2379500
"
火力全开,"2365600
"
撞邪31号,"2340000
"
以爱为名,"2330000
"
纯洁心灵之逐梦演艺圈,"2321000
"
你在哪,"2316000
"
真假森林王,"2316000
"
理查大冒险,"2309100
"
午夜惊魂路,"2290000
"
因为爱情,"2223700
"
六人晚餐,"2130000
"
初恋日记,"2118600
"
夜半凶铃,"2110600
"
心惊胆战,"2070000
"
老兽,"2045100
"
天梯：蔡国强的艺术,"2024800
"
冒牌监护人之寻宝闹翻天,"1948100
"
金珠玛米,"1894300
"
冯梦龙传奇,"1881399
"
老海的新生活,"1853600
"
女人永远是对的,"1830000
"
摇摇晃晃的人间,"1801600
"
坑爹游戏,"1706800
"
诡异酒楼,"1560000
"
画室惊魂,"1523200
"
29+1,"1420000
"
血伞凶灵,"1420000
"
功夫小兔侠,"1330000
"
52赫兹，我爱你,"1290000
"
我是谁的宝贝,"1248300
"
末日重启,"1103400
"
怨灵宿舍之人偶老师,"1100000
"
诡井,"996300
"
空难余波,"964599
"
谁是球王,"925400
"
一路向爱,"921800
"
惊门,"880000
"
光影之战,"857300
"
云上石头城,"833500
"
炸裂青春,"828100
"
内心引力,"820000
"
惊魂七夜,"795800
"
胖女不愁嫁,"741200
"
北平以北,"730600
"
麻辣学院,"720000
"
天堂的音符,"652900
"
泡菜,"647000
"
夜闯寡妇村,"570000
"
惊悚小说,"550000
"
南哥,"548700
"
蜜月计划,"545800
"
蛋计划,"530000
"
乡关何处,"520000
"
爱情冻住了,"480000
"
识色，幸也,"472299
"
绝技情缘之艺魂,"456500
"
锁里,"441599
"
灿烂这一刻,"439000
"
钟馗传奇之岁寒三友,"390000
"
斗魂之熊孩子,"380000
"
我只认识你,"369600
"
纹身师,"355200
"
艺术也疯狂,"350000
"
我心雀跃,"350000
"
来自月亮的我,"340000
"
大脚印,"320000
"
让爱活下去,"314600
"
领袖1935,"310000
"
悔恨,"291200
"
娘子军传奇,"283800
"
情比山高,"281800
"
难忘的岁月,"278800
"
北纬二十八度,"276900
"
麦豆的夏天,"266900
"
老师也疯狂,"260000
"
猪太狼的夏天,"253600
"
童话先生,"251100
"
此情此刻,"250000
"
漂洋过海来爱你,"240000
"
海鹰战警,"230000
"
放学后,"230000
"
十七岁的雨季,"220000
"
请勿靠近,"193500
"
宝贝特攻,"188200
"
大魔法师孟兜兜,"180000
"
追击,"166700
"
荒野加油站,"161700
"
旋风女队,"151800
"
战刀屠狼,"150000
"
小阴谋大爱情,"140000
"
遗忘空间,"139700
"
我的妈呀,"138900
"
疯狂旅程,"135000
"
铁血残阳：在刺刀和藩篱下,"133000
"
逃离现场,"129800
"
失恋399年,"120000
"
我们停战吧,"120000
"
宝贝，再爱我一次,"120000
"
真爱禁区,"117100
"
爱情邮局,"114100
"
母亲的肖像,"107200
"
我们全家不太熟,"96300
"
双手洪拳,"95300
"
神灵寨,"92300
"
玩命大师,"90300
"
侗族大歌,"90300
"
了不起的小家伙们,"90300
"
黑白照相馆,"90000
"
清风亭,"85300
"
守边人,"84300
"
谜证,"84300
"
鸡飞狗跳,"78400
"
星期8,"78400
"
初恋时光,"76300
"
迷情N小时,"75300
"
女巫斗恶龙,"74400
"
魔都爱之十二星座,"74300
"
顺德人家之合家欢,"73400
"
大爱无言,"69500
"
杜丽娘,"67500
"
六月与弓箭,"67000
"
海角有个五店市,"65000
"
再见时光,"60000
"
小茜当家,"60000
"
墨玉太极,"48600
"
魔力果乐岛之拯救行动,"48600
"
一江春水向东流,"47600
"
租婚男女,"44700
"
邹碧华,"43700
"
水晶争夺战,"42699
"
大秦直道,"40700
"
逆路,"40000
"
缺失的爱,"40000
"
牧野传奇,"34000
"
阿婆的槟榔,"31800
"
爱情开始的地方之遇见,"30000
"
走出尘埃,"30000
"
我的小个爸爸,"29800
"
请爱我的女朋友,"26800
"
赶牲灵,"18900
"
男人四十,"17900
"
你往哪里跑,"16900
"
一家两口,"16900
"
逆生·致亲爱的小孩,"13899
"
家园,"12900
"
这一刻，我要世界看见,"10900
"
爱廉说,"10900
"
不败雄心,"10000
"
肥伊不容易,"9923
"
大熊猫传奇,"9923
"
卡门,"9923
"
我的村民我的村,"9915
"
海阔天空,"6582
"
黎明之前,"6243
"
阮玲玉,"5609
"
阿郎的故事,"4993
"
小满的故事之青涩年华,"4000
"
天鹅湖,"3604
"
恋,"2447
"
原罪的羔羊,"0
"
片甲不留,"0
"
北纬30度之爱,"0
"
凤凰街风雨,"0
"
不败雄心,"10000
"
肥伊不容易,"9923
"
大熊猫传奇,"9923
"
卡门,"9923
"
我的村民我的村,"9915
"
海阔天空,"6582
"
黎明之前,"6243
"
阮玲玉,"5609
"
阿郎的故事,"4993
"
小满的故事之青涩年华,"4000
"
天鹅湖,"3604
"
恋,"2447
"
原罪的羔羊,"0
"
片甲不留,"0
"
北纬30度之爱,"0
"
凤凰街风雨,"0
"
红海行动,"36220000000
"
唐人街探案2,"33710000000
"
我不是药神,"30750000000
"
西虹市首富,"25270000000
"
复仇者联盟3：无限战争,"23700000000
"
捉妖记2,"22190000000
"
海王,"19970000000
"
毒液：致命守护者,"18560000000
"
侏罗纪世界2,"16820000000
"
头号玩家,"13850000000
"
后来的我们,"13500000000
"
一出好戏,"13440000000
"
无双,"12630000000
"
碟中谍6：全面瓦解,"12340000000
"
巨齿鲨,"10430000000
"
狂暴巨兽,"9940000000
"
超时空同居,"8910000000
"
蚁人2：黄蜂女现身,"8250000000
"
无名之辈,"7880000000
"
无问西东,"7470000000
"
神秘巨星,"7390000000
"
西游记女儿国,"7200000000
"
摩天营救,"6640000000
"
黑豹,"6560000000
"
来电狂响,"6350000000
"
环太平洋：雷霆再起,"6270000000
"
影,"6230000000
"
狄仁杰之四大天王,"6010000000
"
熊出没之变形记,"6000000000
"
李茶的姑妈,"5990000000
"
邪不压正,"5770000000
"
爱情公寓,"5500000000
"
动物世界,"5050000000
"
古墓丽影：源起之战,"4930000000
"
勇敢者游戏：决战丛林,"4870000000
"
厉害了，我的国,"4760000000
"
反贪风暴3,"4390000000
"
蜘蛛侠：平行宇宙,"4230000000
"
神奇动物：格林德沃之罪,"3950000000
"
“大”人物,"3760000000
"
快把我哥带走,"3720000000
"
幕后玩家,"3550000000
"
悲伤逆流成河,"3530000000
"
超人总动员2,"3510000000
"
黄金兄弟,"3150000000
"
移动迷宫3：死亡解药,"3120000000
"
找到你,"2830000000
"
小萝莉的猴神大叔,"2820000000
"
地球最后的夜晚,"2790000000
"
无敌破坏王2：大闹互联网,"2690000000
"
星球大战8：最后的绝地武士,"2650000000
"
胖子行动队,"2580000000
"
南极之恋,"2310000000
"
精灵旅社3：疯狂假期,"2210000000
"
寂静之地,"2180000000
"
铁血战士,"2140000000
"
起跑线,"2080000000
"
哆啦A梦：大雄的金银岛,"2060000000
"
猛虫过江,"2009999999
"
奇迹男孩,"1900000000
"
龙猫,"1710000000
"
憨豆特工3,"1710000000
"
公牛历险记,"1700000000
"
祖宗十九代,"1680000000
"
比得兔,"1670000000
"
新大头儿子和小头爸爸3：俄罗斯奇遇记,"1570000000
"
欧洲攻略,"1520000000
"
云南虫谷,"1490000000
"
嗝嗝老师,"1480000000
"
大师兄,"1450000000
"
叶问外传：张天志,"1300000000
"
新乌龙院之笑闹江湖,"1290000000
"
名侦探柯南：零的执行人,"1260000000
"
天气预爆,"1220000000
"
阿尔法：狼伴归途,"1130000000
"
胡桃夹子和四个王国,"1110000000
"
风语咒,"1110000000
"
21克拉,"1090000000
"
游侠索罗：星球大战外传,"1050000000
"
水形物语,"1040000000
"
神秘世界历险记4,"1030000000
"
幸福马上来,"1000000000
"
马戏之王,"1000000000
"
浴血广昌,"97752500
"
小偷家族,"95935600
"
飓风奇劫,"94264500
"
厕所英雄,"93688000
"
金蝉脱壳2,"90503700
"
昨日青空,"83164700
"
你好，之华,"79381000
"
武林怪兽,"78875000
"
巴霍巴利王2：终结,"76147100
"
阿凡提之奇缘历险,"76057800
"
雪怪大冒险,"74377800
"
冰雪女王3：火与冰,"73619700
"
潜艇总动员：海底两万里,"72153100
"
泄密者,"70175500
"
江湖儿女,"69398400
"
龙虾刑警,"68198800
"
印度合伙人,"66961400
"
神奇马戏团之动物饼干,"65482900
"
湮灭,"65466000
"
三块广告牌,"64426100
"
闺蜜2,"63655100
"
英雄本色2018,"62434500
"
印度暴徒,"61407500
"
我的间谍前男友,"61112800
"
忌日快乐,"60718800
"
新灰姑娘,"59661000
"
暴裂无声,"53730100
"
完美陌生人,"52951100
"
流浪猫鲍勃,"52482700
"
深海越狱,"50791899
"
狗十三,"50748200
"
遇见你真好,"50552700
"
断片之险途夺宝,"49879000
"
阿修罗,"49407600
"
谜巢,"48994799
"
镰仓物语,"48033300
"
爸，我一定行的,"46676800
"
小马宝莉大电影,"46241899
"
潜艇总动员之时光宝盒,"46154900
"
通勤营救,"44994900
"
犬之岛,"43143200
"
卧底巨星,"38851500
"
妈妈咪鸭,"38557800
"
战神纪,"37740100
"
大闹西游,"37523800
"
我是你妈,"36417400
"
苏丹,"35835900
"
冰雪女王2：冬日魔咒,"35390400
"
脱单告急,"34673900
"
低压槽：欲望之城,"34510200
"
冰封侠:时空行者,"34137000
"
的士速递5,"30950800
"
网络谜踪,"30215500
"
老爸102岁,"29935700
"
奇葩朵朵,"29889100
"
浪矢解忧杂货店,"28483000
"
恐龙王,"28394699
"
传奇的诞生,"28006700
"
金龟子,"27127000
"
加勒比海盗,"26875500
"
照相师,"26467600
"
绿毛怪格林奇,"26212600
"
大路朝天,"25982399
"
第七个小矮人,"25262000
"
宝贝儿,"24534600
"
龙在哪里？,"24385800
"
坏爸爸,"24160500
"
虎胆追凶,"22193800
"
猫与桃花源,"21632100
"
青年马克思,"20613000
"
魔镜奇缘2,"20436400
"
玛丽与魔女之花,"20341200
"
中国合伙人2,"20152600
"
泡芙小姐,"19194100
"
滴答屋,"18872600
"
天渠,"18362500
"
恋爱回旋,"18345600
"
功夫联盟,"17807800
"
中国蓝盔,"17707600
"
我说的都是真的,"17673900
"
深海历险记,"17430700
"
奎迪：英雄再起,"16976300
"
花滑女王,"16970300
"
太空救援,"16684500
"
大坏狐狸的故事,"15931400
"
汪星卧底,"14812100
"
昼颜,"14182000
"
超能泰坦,"14157100
"
亡命救赎,"14074800
"
古剑奇谭之流月昭明,"13952700
"
为你写诗,"12691500
"
李保国,"12497000
"
道高一丈,"11967100
"
摘金奇缘,"11322100
"
生存家族,"11300300
"
信仰者,"11295400
"
惊涛飓浪,"10999600
"
金钱世界,"10977800
"
四个春天,"10476800
"
狗狗的疯狂假期,"10405600
"
淘气大侦探,"10231600
"
春天的马拉松,"10043100
"
天慕,"9954800
"
说走就走之不说再见,"9763200
"
藏北秘岭-重返无人区,"9698700
"
阿里巴巴三根金发,"9665000
"
24小时：末路重生,"9663000
"
萌犬好声音,"9627300
"
解码游戏,"9615400
"
龟兔大作战,"8890000
"
最后一公里,"8855300
"
小悟空,"8729300
"
虎皮萌企鹅,"8595300
"
我的宠物恐龙,"8501000
"
美食大冒险之英雄烩,"8260900
"
脱皮爸爸,"7899700
"
未择之路,"7382700
"
又是一年三月三,"7267600
"
玛雅蜜蜂历险记,"6802200
"
远去的牧歌,"6725800
"
黑子的篮球·终极一战,"6692100
"
香港大营救,"6633500
"
战犬瑞克斯,"6591799
"
李宗伟：败者为王,"6540200
"
小公主艾薇拉与神秘王国,"6529299
"
爱在记忆消逝前,"6500599
"
邓小平1928,"5982600
"
最后一球,"5969000
"
麦兵兵之夺宝联“萌”,"5913099
"
帝企鹅日记2：召唤,"5848600
"
人怕出名猪怕壮,"5841700
"
出山记,"5792100
"
迷镇凶案,"5629299
"
文朝荣,"5321700
"
警车联盟,"5231400
"
克隆人,"5226400
"
您一定不要错过,"5210599
"
黄大年,"5164900
"
两只小猪之勇闯神秘岛,"5046800
"
生活万岁,"4851400
"
吃货宇宙,"4774900
"
那些女人,"4773000
"
第三度嫌疑人,"4483200
"
毕业作品,"4436600
"
念念手纪,"4432600
"
国礼,"4371100
"
给19岁的我自己,"4315500
"
大寒,"4274800
"
李学生,"4191500
"
妈妈咪呀2,"4116100
"
黑暗迷宫,"4056500
"
暗夜良人,"3982100
"
西北风云,"3963200
"
神探狗笨吉,"3872000
"
寻找罗麦,"3818399
"
嘻哈英熊,"3788600
"
S4侠降魔记,"3595100
"
你美丽了我的人生,"3587200
"
无敌原始人,"3508800
"
冷恋时代,"3327200
"
午夜幽灵,"3305400
"
爱的帕斯卡,"3253800
"
二十岁,"3169400
"
午夜整容室,"3146600
"
尖叫直播,"3042400
"
跨越8年的新娘,"3017600
"
超时空大冒险,"2833000
"
肆式青春,"2786400
"
爱猫之城,"2776500
"
灵魂契约,"2687100
"
我们的青春岁月,"2563100
"
大世界,"2544300
"
路过未来,"2494600
"
暹罗决：九神战甲,"2469800
"
恐怖浴室,"2457900
"
我的冤家是条狗,"2359700
"
阿拉姜色,"2344800
"
男生宿舍,"2330900
"
莫斯科陷落,"2286300
"
瞳灵公馆,"2265400
"
午夜十二点,"2245600
"
黑暗深处之惊魂夜,"2226700
"
恐怖快递,"2222800
"
两个俏公主,"2219800
"
美丽童年,"2207900
"
绝命时钟2:22,"2133400
"
米花之味,"2115600
"
暮光巴黎,"2069900
"
营救汪星人,"2033400
"
午夜废墟,"2024300
"
第一夫人,"2016399
"
时空偷渡少女,"2006399
"
惊慌失色之诡寓,"1950900
"
玲珑井,"1948899
"
兄弟班,"1864300
"
亲爱的，我要和别人结婚了,"1797100
"
让我怎么相信你,"1782200
"
凌晨两点半,"1781200
"
西小河的夏天,"1765300
"
足球王者,"1742500
"
追鹰日记,"1737500
"
闽宁镇,"1715700
"
小狗奶瓶,"1575500
"
勇敢往事,"1536100
"
哥斯拉：怪兽行星,"1514300
"
古墓兽影,"1501399
"
宇宙有爱浪漫同游,"1489400
"
热土,"1454700
"
冒牌搭档,"1447800
"
超大号美人,"1442800
"
黄金花,"1414000
"
毛骨悚然之红衣男孩,"1406100
"
细思极恐,"1399100
"
一个人的课堂,"1371399
"
命运速递,"1354500
"
八仙,"1335600
"
开学悸,"1313800
"
荒城纪,"1282100
"
灵魂当铺之时间典当,"1261200
"
大三儿,"1252300
"
飞鸟历险记,"1247300
"
伊阿索密码,"1234400
"
因果启示录,"1222500
"
监狱犬计划,"1216600
"
一百年很长吗,"1212600
"
曹操与杨修 ,"1189800
"
夺命来电,"1170900
"
非洲遇见你,"1096500
"
三国杀·幻,"1042500
"
蓝色金鱼,"1010200
"
奇怪的袜子精灵,"1005200
"
我要去远方,"981400
"
无眸之杀,"967500
"
尼斯：疯狂的心,"962500
"
禹神传之寻找神力,"950600
"
泡菜爱上小龙虾,"907000
"
最后的棒棒,"899000
"
村戏,"886100
"
海龙屯,"811700
"
红高粱,"797800
"
张艺谋和他的“影” ,"781900
"
一纸婚约,"752200
"
萌学园：寻找盘古,"737300
"
凤凰城遗忘录,"726400
"
姽婳,"717400
"
北方一片苍茫,"686700
"
理想之路,"683700
"
快乐星球之三十六号,"658900
"
忠犬大营救,"650900
"
美丽战争,"650000
"
吻隐者,"637100
"
地层深处,"588400
"
冥王星时刻,"570600
"
清水里的刀子,"569600
"
草戒指,"531900
"
极品师徒,"520000
"
正正的世界,"517000
"
七号公馆,"517000
"
神奇马戏团,"504099
"
冰封迷案,"501100
"
盲·道,"479300
"
咖啡风暴,"470500
"
家,"470400
"
天下第一镖局,"462400
"
血十三,"454500
"
进击的男孩,"450500
"
青春不留白,"444600
"
出·路,"441599
"
中邪,"429700
"
哈姆雷特,"420700
"
破梦游戏,"418800
"
有五个姐姐的我就注定要单身了啊,"409799
"
敦煌不了情,"398900
"
我来自纽约,"393900
"
摇滚小子,"384000
"
破门,"378100
"
旅行吧！井底之蛙,"370100
"
奇幻梦之旅,"358200
"
柳毅奇缘,"346900
"
天佑之爱,"345900
"
无迹可寻,"322500
"
时空终点,"320500
"
我的影子在奔跑,"316500
"
大唐风云2,"311300
"
中学时代,"305600
"
皮鞋,"287800
"
天籁梦想,"285800
"
梦境之源,"272900
"
大雪冬至,"268900
"
红盾先锋,"262000
"
疯狂熊孩子,"259000
"
致命夺宝,"251100
"
马兰花开,"247100
"
策反,"244100
"
在天堂等我,"243100
"
破天荒,"241100
"
爱不可及,"235200
"
我的渡口,"229200
"
余额不足,"229200
"
夜魔奇案,"218299
"
大导归来,"216300
"
左滩,"212100
"
三伏天,"210400
"
三界,"196500
"
玩命,"191500
"
锁,"189500
"
天下父母,"185600
"
求求你爱上我,"185600
"
台仙魔咒,"184600
"
八只鸡,"184600
"
沿海出发,"181600
"
我是检察官,"176600
"
淡蓝琥珀,"175600
"
铁甲战神,"165700
"
壹号别墅,"163700
"
云上日出,"162700
"
向阳的日子,"162700
"
地下凶猛,"161700
"
自行车与旧电钢,"160799
"
毕业旅行笑翻天,"158800
"
燃烧的影像,"149800
"
五度空间,"145900
"
片警宝音,"137900
"
守望一生,"135900
"
哆啦A梦：大雄的日本诞生,"135000
"
天刃,"131900
"
凤凰花开,"125000
"
黑蝴蝶,"123000
"
奶奶的家,"119100
"
第十二夜,"116100
"
落绕,"116100
"
爱在归来那一天,"114100
"
擒贼先擒王,"110100
"
怒放的花儿,"107200
"
请你记住我,"104200
"
十七后 与青春化敌为友,"102100
"
疯狂的麻将,"98200
"
梭哈人生,"94300
"
大烟炮！一千八！,"91300
"
火魔高跟鞋,"91300
"
时间暗局,"85300
"
记忆折叠,"83400
"
格桑花开的时候,"83300
"
33号公路,"82400
"
翻滚吧姐妹,"77300
"
丢心,"76400
"
爱情的单程列车,"75400
"
疯狂暑期之哈喽怪物,"71400
"
爱在日落黄昏时,"67500
"
爱在黎明破晓前,"67500
"
一个人的江湖,"63500
"
来日方长,"61500
"
天梦,"60500
"
轻轻握住你的手,"59500
"
阿姆雷,"58500
"
老无所依,"57600
"
旗袍先生,"55599
"
冰血暴,"55599
"
青春24秒,"54600
"
同名男子,"53600
"
红旗漫卷西风,"52600
"
面向群众,"52600
"
走出西柏坡,"52600
"
萌宠入殓师,"49600
"
心灵捕手,"46600
"
本杰明·巴顿奇事,"41700
"
只想好好和你在一起,"40700
"
芒刺,"39700
"
超萌特攻,"35700
"
杨梅洲,"34700
"
神谕通天,"34700
"
最萌警探,"33700
"
追宝狂想曲,"33700
"
羊之树,"33700
"
爱是永恒,"32700
"
他是一只狗,"31800
"
党员登记表,"31800
"
别让爱情走弯路,"31800
"
醉佳导演,"31800
"
盯上小偷的贼,"30800
"
HURRY GO ROUND,"27799
"
找爱之旅,"26800
"
热血时代,"25800
"
我有钱啦,"24800
"
天使的声音,"24800
"
幸福的拉扎罗,"22799
"
海街日记,"22799
"
桃花扇,"22799
"
女理发师,"22799
"
河间圣手,"22799
"
莫名我就喜欢你,"22799
"
亚历山大·麦昆：浮生如秀,"21800
"
D5—五个侦探,"21800
"
闺蜜的战争,"21800
"
四百击,"21800
"
无人知晓,"21800
"
冷战 ,"20800
"
步履不停,"20800
"
二师兄来了,"20800
"
南海十三郎,"19800
"
冒牌恋人,"19800
"
迷失的彩虹 古坠归来,"19800
"
假装不正经,"18900
"
童年童月,"18900
"
幕末太阳传,"18900
"
我想和你们在一起,"18900
"
爱在湘西,"17900
"
影像之书,"17800
"
倩女幽魂,"16900
"
出山,"16900
"
铁臂双雄,"15900
"
烧肉龙,"14900
"
过往的梦,"13899
"
寄生夙愿,"12900
"
可爱的中国,"12900
"
橘子酱男孩,"12900
"
恋恋仙缘,"12900
"
童年的许诺,"12900
"
疯狂这一年,"12900
"
雪·葬,"12900
"
左手右手,"11900
"
不一样的焰火,"11900
"
缉毒,"11900
"
冰与雨声,"11900
"
梦想者联盟,"10900
"
摄影机不要停！,"10900
"
编舟记,"10900
"
小家伙,"10900
"
小兵张嘎,"10900
"
裘力斯·恺撒,"10900
"
那年，我还没长大,"10900
"
吉赛尔,"10900
"
下一站，天国,"9923
"
疯狂的公牛,"6572
"
过境,"6344
"
名将之后,"4896
"
情探,"3902
"
童年的许诺,"12900
"
疯狂这一年,"12900
"
雪·葬,"12900
"
左手右手,"11900
"
不一样的焰火,"11900
"
缉毒,"11900
"
冰与雨声,"11900
"
梦想者联盟,"10900
"
摄影机不要停！,"10900
"
编舟记,"10900
"
小家伙,"10900
"
小兵张嘎,"10900
"
裘力斯·恺撒,"10900
"
那年，我还没长大,"10900
"
吉赛尔,"10900
"
下一站，天国,"9923
"
疯狂的公牛,"6572
"
过境,"6344
"
名将之后,"4896
"
情探,"3902
"
哪吒之魔童降世,"49340000000
"
流浪地球,"46180000000
"
复仇者联盟4：终局之战,"42050000000
"
我和我的祖国,"31460000000
"
中国机长,"28840000000
"
疯狂的外星人,"21830000000
"
飞驰人生,"17030000000
"
烈火英雄,"16760000000
"
少年的你,"15320000000
"
速度与激情：特别行动,"14180000000
"
蜘蛛侠：英雄远征,"14010000000
"
扫毒2天地对决,"12850000000
"
误杀,"11970000000
"
叶问4,"11720000000
"
大黄蜂,"11380000000
"
攀登者,"10880000000
"
惊奇队长,"10250000000
"
比悲伤更悲伤的故事,"9460000000
"
哥斯拉2：怪兽之王,"9270000000
"
阿丽塔：战斗天使,"8880000000
"
银河补习班,"8640000000
"
冰雪奇缘2,"8529999999
"
狮子王,"8230000000
"
反贪风暴4,"7880000000
"
熊出没·原始时代,"7090000000
"
使徒行者2：谍影行动,"6930000000
"
宠爱,"6780000000
"
大侦探皮卡丘,"6340000000
"
新喜剧之王,"6190000000
"
千与千寻,"4820000000
"
绿皮书,"4730000000
"
白蛇：缘起,"4480000000
"
最好的我们,"4080000000
"
X战警：黑凤凰,"4040000000
"
诛仙Ⅰ,"3990000000
"
何以为家,"3700000000
"
阿拉丁,"3640000000
"
驯龙高手3,"3630000000
"
终结者：黑暗命运,"3510000000
"
老师·好,"3500000000
"
沉睡魔咒2,"3420000000
"
调音师,"3220000000
"
罗小黑战记,"3110000000
"
黑衣人：全球追缉,"3040000000
"
追龙Ⅱ,"3040000000
"
决战中途岛,"2920000000
"
雷霆沙赞！,"2910000000
"
勇敢者游戏2：再战巅峰,"2870000000
"
天气之子,"2850000000
"
死侍2：我爱我家,"2840000000
"
小小的愿望,"2650000000
"
犯罪现场,"2510000000
"
我为你牺牲,"2460000000
"
双子杀手,"2320000000
"
名侦探柯南：绀青之拳,"2290000000
"
密室逃生,"2290000000
"
大约在冬季,"2250000000
"
两只老虎,"2210000000
"
受益人,"2150000000
"
航海王：狂热行动,"2020000000
"
南方车站的聚会,"2000000000
"
利刃出鞘,"1980000000
"
玩具总动员4,"1980000000
"
一条狗的使命2,"1940000000
"
半个喜剧,"1860000000
"
沉默的证人,"1780000000
"
一吻定情,"1720000000
"
天·火,"1690000000
"
只有芸知道,"1580000000
"
爱宠大机密2,"1520000000
"
神探蒲松龄,"1510000000
"
小飞象,"1460000000
"
海上钢琴师,"1420000000
"
星球大战：天行者崛起,"1420000000
"
愤怒的小鸟2,"1390000000
"
雪人奇缘,"1360000000
"
哆啦A梦：大雄的月球探险记,"1290000000
"
小猪佩奇过大年,"1230000000
"
廉政风云,"1210000000
"
上海堡垒,"1200000000
"
下一任：前任,"1200000000
"
决胜时刻,"1170000000
"
夏目友人帐,"1140000000
"
一个母亲的复仇,"1100000000
"
小Q,"1090000000
"
海市蜃楼,"1090000000
"
鼠胆英雄,"99230000
"
波西米亚狂想曲,"98013400
"
绝杀慕尼黑,"90291400
"
催眠·裁决,"87378000
"
全职高手之巅峰荣耀,"84285000
"
巨鳄风暴,"73685200
"
被光抓走的人,"70455300
"
祈祷落幕时,"66965400
"
天使陷落,"66405000
"
风中有朵雨做的云,"64324900
"
猪八戒传说,"63253200
"
人间·喜剧,"62377000
"
亲爱的新年好,"62203000
"
特警队,"56597000
"
友情以上,"51792100
"
碟仙,"51766300
"
古田军号,"51693900
"
掠食城市,"49976200
"
妈阁是座城,"49932500
"
吹哨人,"49742000
"
五月天人生无限公司,"48837000
"
神奇乐园历险记,"46445600
"
海林都,"46210400
"
地久天长,"44718000
"
狂暴凶狮,"44197000
"
铤而走险,"43854700
"
动物特工局,"43383900
"
钢铁飞龙之奥特曼崛起,"42794900
"
一生有你2019,"41451300
"
解放·终局营救,"41101899
"
你是凶手,"40979000
"
跳舞吧！大象,"38971600
"
我的英雄学院：两位英雄,"38437700
"
徒手攀岩,"36500800
"
一条狗的回家路,"36004600
"
猪猪侠·不可思议的世界,"35158200
"
无所不能,"34828700
"
家和万事惊,"32335100
"
命运之夜——天之杯：恶兆之花,"31369600
"
龙珠超：布罗利,"31322900
"
红星照耀中国,"29833500
"
秦明·生死语者,"29550700
"
命运之夜——天之杯II ：迷失之蝶,"29431600
"
送我上青云,"29309600
"
周恩来回延安,"27989800
"
叶问4：完结篇,"27986800
"
雪暴,"27832000
"
赛尔号大电影7：疯狂机器城,"27657399
"
我的拳王男友,"24408600
"
小巷管家,"24332199
"
长安道,"24281600
"
深夜食堂,"24138100
"
潜艇总动员：外星宝贝计划,"23722900
"
冰雪女王4：魔镜世界,"23633600
"
我想吃掉你的胰脏,"23616900
"
如影随心,"23424200
"
巧虎大飞船历险记,"22782199
"
星际探索,"22668100
"
唐顿庄园,"22427000
"
素人特工,"22165000
"
保持沉默,"21270900
"
海蒂和爷爷,"20566400
"
宝莱坞机器人2.0:重生归来,"20404700
"
八子,"20396700
"
早安公主,"20139700
"
打过长江去,"19505600
"
回到过去拥抱你,"19176200
"
悟空奇遇记,"19007500
"
狗眼看人心,"18347600
"
龙牌之谜,"18332700
"
乐高大电影2,"18297000
"
九龙不败,"17872300
"
双生,"17291800
"
小羊肖恩2：末日农场,"17141200
"
朝花夕誓-于离别之朝束起约定之花,"17047700
"
未来机器城,"16708300
"
托马斯大电影之世界探险记,"16614100
"
转型团伙,"16597200
"
怨灵3：看不见的小孩,"16477100
"
昆虫总动员2-来自远方的后援军,"16256900
"
那时风华,"15354300
"
女王的柯基,"15227800
"
检察方的罪人,"14869600
"
我的青春都是你,"14667200
"
最佳男友进化论,"14505400
"
进京城,"14460800
"
若能与你共乘海浪之上,"13850500
"
游戏人生 零,"13833699
"
冰峰暴,"12565500
"
太阳升起的时刻,"12216199
"
今夜在浪漫剧场,"12200200
"
德鲁大叔,"11955200
"
桂香街,"11560300
"
宠物联盟,"11056199
"
大梦难忘,"10950000
"
撞死了一只羊,"10682100
"
骡子,"10677100
"
黄玫瑰,"9825800
"
过春天,"9824800
"
死寂逃亡,"9790000
"
青蛙王子历险记,"9735500
"
平原上的夏洛克,"9366300
"
天作谜案,"9138100
"
机动战士高达NT,"8635000
"
特别追踪,"8581400
"
萌宠特工队,"8392900
"
隧道尽头,"8079299
"
燃点,"8026100
"
为国而歌,"7959200
"
最长1枪,"7937400
"
战斗民族养成记,"7926200
"
大侦探霍桑,"7901700
"
森林奇缘,"7883800
"
虫林大作战,"7576200
"
港珠澳大桥,"7429400
"
欲念游戏,"7391600
"
养家之人,"6274299
"
精灵怪物：疯狂之旅,"6188000
"
变化中的中国·生活因你而火热,"6182000
"
逗爱熊仁镇,"6171100
"
一生只为一事来,"5837200
"
十二生肖之福星高照朱小八,"5413000
"
冷血追击,"5304800
"
古井凶灵,"5300900
"
22年后的自白,"5299000
"
闯堂兔3囧囧时光机,"5272100
"
功夫四侠：勇闯地宫,"5199700
"
侠路相逢,"5164900
"
废柴老爸,"5147100
"
零零后,"5056800
"
疯狂梦幻城,"5052800
"
坂本龙一：终曲,"4985300
"
在乎你,"4929700
"
鹭世界,"4874700
"
三傻闹地球,"4851400
"
罗马,"4804700
"
江南,"4718400
"
音乐家,"4706500
"
尼斯大冒险,"4538800
"
横财局中局,"4526900
"
罗宾汉：起源,"4475800
"
萤火奇兵2：小虫不好惹,"4451500
"
童童的风铃密室,"4370100
"
急速逃脱,"4260000
"
别告诉她,"4164700
"
阳台上,"3910700
"
民警攻略,"3830299
"
原来如此,"3797500
"
道具师,"3773700
"
灰猴,"3729100
"
衣柜里的冒险王,"3717200
"
花儿与歌声,"3636800
"
境·界,"3541500
"
丑娃娃,"3513700
"
毕业的我们,"3478000
"
尺八·一声一世,"3462100
"
亲密旅行,"3354000
"
守灵,"3293399
"
企鹅公路,"3269600
"
麦子的盖头,"3254700
"
他们已不再变老,"3250800
"
醒来之爱的呼唤,"3184300
"
魔镜奇缘3,"3179300
"
追凶十九年,"3127700
"
极度危机,"3117799
"
水族魂1944,"3071200
"
动物出击,"3065200
"
昆仑兄弟,"2953100
"
太空狗之月球大冒险,"2850899
"
夜伴歌声,"2785400
"
教授与疯子,"2764500
"
我的宠物是大象,"2535300
"
大河唱,"2456900
"
骨瓷,"2433100
"
天上再见,"2428200
"
云端之上,"2343800
"
利刃破冰,"2209400
"
邻座的怪同学,"2171200
"
刑场上的婚礼,"2146400
"
武陵山上的星光,"2108600
"
共同命运,"1946900
"
当我们海阔天空,"1897300
"
少女宿舍,"1864500
"
妙先生,"1842700
"
大大哒,"1819900
"
你好霸王龙,"1730600
"
花椒之味,"1709300
"
把哥哥退货可以吗,"1705800
"
匠心,"1687900
"
悠然见南山,"1584700
"
一切如你,"1521200
"
午夜怪谈,"1518200
"
三重威胁之跨国大营救,"1475600
"
蓝色生死恋,"1468600
"
妈妈我想你,"1334600
"
五十米之恋,"1328700
"
巴比龙,"1318800
"
幸福的小满,"1304900
"
好小子，好功夫,"1279100
"
杨靖宇,"1278100
"
六欲天,"1260200
"
难以置信,"1239000
"
欢迎来北方II,"1161000
"
昨日奇迹,"1156000
"
梦想之城,"1148100
"
猫公主苏菲,"1079600
"
学区房72小时,"1067700
"
那一夜，我给你开过车,"1053800
"
樵夫·廖俊波,"1047900
"
喜盈代村,"955600
"
站住！小偷,"955500
"
致命梦魇,"950600
"
古窑迷踪,"940600
"
带我回家,"936700
"
杨门女将之女将初征,"901000
"
江海渔童之巨龟奇缘,"874200
"
我们的爱情,"860300
"
红旗渠之归来仍是少年,"856400
"
老公去哪了,"847400
"
噬魂剑,"846400
"
你咪理，我爱你！,"843500
"
监护风云,"838500
"
铁血阳泉,"817700
"
九克拉战栗,"814700
"
真爱百分百,"787900
"
深海特攻队之超能晶石,"782900
"
真爱不迟到,"771000
"
冠军的心,"766100
"
我在原地等你,"760100
"
逆流大叔,"734300
"
卡拉斯：为爱而声,"733300
"
疯狂斗牛场,"718400
"
最后的勇士,"712500
"
大微商,"705500
"
雷雨,"697600
"
幸福俏冤家,"684700
"
真相漩涡,"684700
"
灵魂的救赎,"677700
"
金色荣耀,"665800
"
迪丽丽的奇幻巴黎,"640000
"
差等生乔曦,"638000
"
318号公路,"631100
"
白牙,"628100
"
二凤,"612200
"
惊涛迷局,"604300
"
警告,"593400
"
迟来的告白,"591400
"
篮球冠军,"591400
"
迷局伏香,"580500
"
红色土司,"543800
"
开国大典,"541800
"
芬芳,"537800
"
雷米奇遇记,"536800
"
很高兴遇见·你,"522000
"
潜行者,"517000
"
狄仁杰之无头神将,"510000
"
要活着去天堂,"501100
"
一路爱情,"476300
"
大话西游之成长的烦恼,"469799
"
海上浮城,"469400
"
订亲,"442600
"
半边天,"412800
"
戏笑江湖,"400900
"
踮起脚尖说爱你,"384000
"
红色之子·单刀赴会,"381000
"
上海的女儿,"380100
"
六连煞,"361200
"
长官传奇,"356200
"
魔神Z,"355200
"
陌路徒者,"340400
"
某日某月,"337400
"
李尔王,"334400
"
寻找雪山,"332400
"
夺命杀机,"320800
"
海门深处,"307600
"
暗语者,"298700
"
最美的地方遇见你,"286800
"
天眼风云,"284800
"
红花绿叶,"278800
"
1931刺杀宋子文之谜,"275900
"
过昭关,"268900
"
沉默的雪,"261000
"
盗梦特攻队,"249100
"
丛林历险记,"248100
"
一车四仆,"244100
"
汝海风云,"239100
"
柔情史,"236200
"
此时此刻·2019大阅兵,"228200
"
歌唱动荡的青春,"216300
"
去年在马里昂巴德,"210400
"
逆罪,"208400
"
精灵小王子,"207399
"
善良的天使,"203400
"
父子拳王,"183600
"
蜻蜓少年,"178600
"
似水流年,"176600
"
三变 山变,"176600
"
温暖之城之红日亭,"176600
"
空天战队之星兽大战,"172700
"
你好现任,"172500
"
骑遇,"170700
"
高兴逮笨贼,"170700
"
功夫小镇,"169700
"
榫卯,"168700
"
悲惨世界：25周年纪念演唱会,"163700
"
参娃与天池怪兽之瑞雪兆丰年,"162700
"
直播攻略,"160799
"
西河恋歌,"157800
"
云雾笼罩的山峰,"157800
"
达道里,"154800
"
白狮奇缘,"152800
"
侣行攻略之确认你是我的人,"147900
"
搞怪奇妙夜,"145900
"
网络凶铃,"141900
"
萨勒姆的女巫,"136900
"
毕业旅行之逍遥骑士,"135000
"
劫数难逃,"134000
"
梦想之战：踢球吧！阿妹,"129000
"
爱·之痕,"127000
"
武林孤儿,"126000
"
风吹吧麦浪,"123000
"
来者何人,"121100
"
科利奥兰纳斯,"119100
"
归途列车,"115100
"
情圣2,"115000
"
他她他她,"113100
"
Hello 北京,"107200
"
煽疯点火,"99200
"
拿摩一等,"98200
"
女王召见,"98200
"
柬爱,"96300
"
空巢也疯狂,"96300
"
菲凡记忆,"96300
"
梧桐树,"94300
"
黄花塘往事,"93300
"
呼伦贝尔城,"92300
"
音乐剧-安娜·卡列尼娜,"91300
"
三流勇士,"89300
"
密林诡影,"89300
"
A测试之爱情大冒险,"85300
"
爱情图鉴之暗恋,"82400
"
犬爱,"79400
"
火红青春,"79400
"
天池水怪,"79400
"
一路疯癫,"77400
"
典妻,"74400
"
海风吹过零丁洋,"69500
"
煎饼果子来一套,"67500
"
越域重生,"65500
"
非对称较量,"64500
"
铁拳雄心,"64400
"
生根,"63500
"
爱在零纬度,"62500
"
那座桥,"60500
"
老师你会不会回来,"60500
"
寻找兰小草,"60500
"
舞动吧！少年,"60500
"
好好回家,"60500
"
归去,"58500
"
别哭！妈妈,"58500
"
别哭妈妈,"58500
"
疯狂的契约,"56600
"
安居,"54500
"
幸福岛味道,"51600
"
茶花女,"50599
"
麦克白,"49600
"
爱无痕,"49600
"
未来的你,"48600
"
血战敖伦布拉格,"48500
"
老井,"46600
"
望儿山,"44700
"
红色,"43700
"
占芭花开,"43700
"
上海往事之当年情,"41700
"
我们回家吧,"41700
"
海外赤子,"39700
"
关于我母亲的一切,"39700
"
蜂巢幽灵,"39700
"
功夫营救,"37700
"
小满,"37700
"
六月夏初,"36700
"
十八勇士,"35700
"
我要上头条,"35700
"
崩溃边缘的女人,"34700
"
西厢记,"33700
"
极限速递,"33700
"
假戏真作,"32700
"
死亡论文,"29800
"
刽子手,"29800
"
旺角卡门,"28800
"
今世未了缘,"28800
"
罗密欧与朱丽叶,"26800
"
蓝天使,"26800
"
浮士德,"26800
"
巅峰战士,"25800
"
小石头下乡记,"25800
"
费加罗的婚礼,"24800
"
猎袭,"24800
"
陈毅市长,"24800
"
迷失少女日记,"24800
"
柏油路,"23800
"
三年,"23800
"
对不起，我们错过了你,"22799
"
星月夜,"22799
"
踢球吧孩子,"21800
"
双飞翼,"21800
"
疯王：乔治三世,"21800
"
乾坤镯,"20800
"
印度制造,"18900
"
耿二驴那些事儿,"18900
"
我叫为何,"17900
"
胭脂扣,"17900
"
顽主,"16900
"
红日,"16900
"
最后一刻,"16900
"
又是一春梨花白,"16900
"
指尖世界,"15900
"
北京，你早,"15900
"
国王与我,"15900
"
青春祭,"13899
"
南方,"12900
"
娱乐追击,"12900
"
秘密菜园,"12900
"
特别的爸爸,"12900
"
风从塬上来,"11900
"
旺扎的雨靴,"11900
"
温莎的风流娘儿们,"11900
"
别岁,"11900
"
夜空总有最大密度的蓝色,"11900
"
捉妖学院,"11900
"
砂制时镜下的疗养院,"10900
"
必是天堂,"10900
"
风雨同仁堂,"10900
"
禁锢之地,"10900
"
阿涅斯·瓦尔达在这里和那里,"10900
"
脸庞，村庄,"10900
"
北斗风云,"10900
"
简爱之约,"10900
"
年轻的阿迈德,"9923
"
阿黛尔还没吃晚餐,"9923
"
薪火相传,"9923
"
红楼梦,"9923
"
棋王,"9923
"
孩子王,"9923
"
亨利五世,"9923
"
南特的雅克·德米,"9923
"
阿涅斯的海滩,"9923
"
相亲时代,"9923
"
消失,"7119
"
大陈岛誓言,"4831
"
决不姑息,"1644
"
阿涅斯·瓦尔达在这里和那里,"10900
"
脸庞，村庄,"10900
"
北斗风云,"10900
"
简爱之约,"10900
"
年轻的阿迈德,"9923
"
阿黛尔还没吃晚餐,"9923
"
薪火相传,"9923
"
红楼梦,"9923
"
棋王,"9923
"
孩子王,"9923
"
亨利五世,"9923
"
南特的雅克·德米,"9923
"
阿涅斯的海滩,"9923
"
相亲时代,"9923
"
消失,"7119
"
大陈岛誓言,"4831
"
决不姑息,"1644
"
